Material,Mesh,X,Y,Z,MapX,MapY
Black_Ice_Highlands,SM_Highlands_Black_Ice_Cliff_01,-334212.625,209864.328125,-16220.939453,748.339966,2707.602295
Black_Ice_Highlands,SM_Highlands_Black_Ice_Cliff_01,-333062.96875,211973.625,-16598.878906,753.421997,2716.966064
Black_Ice_Highlands,SM_Highlands_Black_Ice_Cliff_01,-332768.25,212277.375,-16655.892578,754.724792,2718.314453
Black_Ice_Highlands,SM_Highlands_Black_Ice_Cliff_01,-330676.75,211142.109375,-16246.341797,763.970276,2713.274658
Black_Ice_Highlands,SM_Highlands_Black_Ice_Cliff_01,-329328.375,209169.90625,-15569.462891,769.930786,2704.519531
Black_Ice_Highlands,SM_Highlands_Black_Ice_Cliff_02,-330815.4375,211898.21875,-16381.691406,763.357239,2716.631348
Black_Ice_Highlands,SM_Highlands_Black_Ice_Cliff_02,-329816.40625,207407.828125,-15575.606445,767.773438,2696.697021
Black_Ice_Highlands,SM_Highlands_Black_Ice_Grass_01,-331741.125,54317.378906,-13256.166016,759.265198,2017.081787
Black_Ice_Highlands,SM_Highlands_Black_Ice_Grass_01,-305308.21875,72970.835938,-11561.248047,876.111938,2099.890381
Black_Ice_Highlands,SM_Highlands_Black_Ice_Grass_02,-306169.5,71595.78125,-11593.455078,872.304688,2093.786133
Black_Ice_Highlands,SM_Highlands_Black_Ice_Grass_02,-305316.53125,72303.640625,-11551.411133,876.075195,2096.928467
Black_Ice_Highlands,SM_Highlands_Black_Ice_Grass_01,-333569.25,49946.28125,-13256.539063,751.18396,1997.677246
Black_Ice_Highlands,SM_Highlands_Black_Ice_Grass_01,-333795.5,49503.835938,-13244.111328,750.183838,1995.713135
Black_Ice_Highlands,SM_Highlands_Black_Ice_Grass_01,-332760.5,43838.609375,-13050.053711,754.759094,1970.563477
Black_Ice_Highlands,SM_Highlands_Black_Ice_Grass_01,-332680.3125,44949.171875,-13246.477539,755.113525,1975.493652
Black_Ice_Highlands,SM_Highlands_Black_Ice_Grass_01,-339781.09375,30202.021484,-10827.788086,723.724487,1910.026367
Black_Ice_Highlands,SM_Highlands_Black_Ice_Grass_01,-305507.1875,26089.513672,-12527.268555,875.232422,1891.769775
Black_Ice_Highlands,SM_Highlands_Black_Ice_Grass_01,-305070.125,26051.722656,-12402.213867,877.164429,1891.602051
Black_Ice_Highlands,SM_Highlands_Black_Ice_Grass_01,-341713.25,48763.050781,-11048.386719,715.183411,1992.424561
Black_Ice_Highlands,SM_Highlands_Black_Ice_Grass_02,-339695.28125,27915.703125,-11045.879883,724.103882,1899.876831
Black_Ice_Highlands,SM_Highlands_Black_Ice_Grass_02,-339099.78125,30669.337891,-10788.967773,726.736267,1912.101074
Black_Ice_Highlands,SM_Highlands_Black_Ice_Grass_02,-340052.03125,30164.052734,-10833.209961,722.526855,1909.85791
Black_Ice_Highlands,SM_Highlands_Black_Ice_Grass_01,-234520.6875,177835.71875,-16937.923828,1189.028442,2565.41748
Black_Ice_Highlands,SM_Highlands_Black_Ice_Grass_01,-234501.109375,177054.9375,-16843.074219,1189.11499,2561.951416
Black_Ice_Highlands,SM_Highlands_Black_Ice_Cliff_01,-245566.625,21206.068359,-11506.054688,1140.199829,1870.090576
Black_Ice_Highlands,SM_Highlands_Black_Ice_Cliff_01,-245991.34375,21979.849609,-11513.504883,1138.322388,1873.525635
Black_Ice_Highlands,SM_Highlands_Black_Ice_Cliff_01,-243148.1875,19231.167969,-11785.838867,1150.890625,1861.323486
Black_Ice_Highlands,SM_Highlands_Black_Ice_Cliff_01,-247047.921875,19200.759766,-12386.216797,1133.651733,1861.188477
Black_Ice_Highlands,SM_Highlands_Black_Ice_Grass_02,-257019.15625,-60144.484375,-17391.957031,1089.573975,1508.950684
Black_Ice_Highlands,SM_Highlands_Black_Ice_Grass_02,-260221.375,-51448.703125,-17329.544922,1075.418457,1547.554077
Black_Ice_Highlands,SM_Highlands_Black_Ice_Grass_01,-255775.609375,-61452.519531,-17715.859375,1095.071045,1503.143921
Black_Ice_Highlands,SM_Highlands_Black_Ice_Cliff_01,-186808.984375,82500.085938,-15624.041016,1399.93811,2142.193604
Black_Ice_Highlands,SM_Highlands_Black_Ice_Cliff_01,-186811.046875,82124.554688,-15787.505859,1399.929077,2140.526367
Black_Ice_Highlands,SM_Highlands_Black_Ice_Cliff_01,-112232.4375,108874.382813,-17185.291016,1729.604004,2259.2771
Black_Ice_Highlands,SM_Highlands_Black_Ice_Cliff_02,-112339.421875,108826.945313,-17147.960938,1729.130981,2259.066406
Black_Ice_Highlands,SM_Highlands_Black_Ice_Cliff_02,-117936.914063,112194.390625,-16641.751953,1704.387329,2274.015625
Black_Ice_Highlands,SM_Highlands_Black_Ice_Cliff_02,-108769.414063,120217.625,-17392.041016,1744.912231,2309.633301
Black_Ice_Highlands,SM_Highlands_Black_Ice_Grass_01,-187619.890625,-28728.460938,-16066.567383,1396.353516,1648.416016
Black_Ice_Highlands,SM_Highlands_Black_Ice_Grass_01,-108030.96875,-36380.992188,-18155.521484,1748.176636,1614.444092
Black_Ice_Highlands,SM_Highlands_Black_Ice_Grass_02,-186988.359375,-28815.580078,-16045.145508,1399.145264,1648.029297
Black_Ice_Highlands,SM_Highlands_Black_Ice_Grass_02,-107920.960938,-40916.941406,-18311.251953,1748.662842,1594.307739
Black_Ice_Highlands,SM_Highlands_Black_Ice_Grass_02,-108129.5625,-36293.417969,-18095.664063,1747.740845,1614.833008
Black_Ice_Highlands,SM_Highlands_Black_Ice_Cliff_01,-184682.015625,-31819.800781,-16069.458984,1409.340332,1634.692627
Black_Ice_Highlands,SM_Highlands_Black_Ice_Cliff_01,-154325.84375,43315.902344,-16642.232422,1543.530029,1968.243042
Black_Ice_Highlands,SM_Highlands_Black_Ice_Cliff_01,-153893.375,43133.300781,-16640.947266,1545.44165,1967.432373
Black_Ice_Highlands,SM_Highlands_Black_Ice_Cliff_02,-185357.109375,-32323.828125,-15875.40918,1406.356201,1632.4552
Black_Ice_Highlands,SM_Highlands_Black_Ice_Cliff_02,-153400.28125,44136.785156,-16584.339844,1547.621338,1971.887085
Black_Ice_Highlands,SM_Highlands_Black_Ice_Cliff_02,-145218.921875,41394.5,-16565.15625,1583.787109,1959.713257
Black_Ice_Highlands,SM_Highlands_Black_Ice_Cliff_02,-71870.140625,174888.03125,-19976.589844,1908.025635,2552.331787
Black_Ice_Highlands,SM_Highlands_Black_Ice_Cliff_02,-68537.585938,168989.765625,-20190.904297,1922.757202,2526.147705
Black_Ice_Highlands,SM_Highlands_Black_Ice_Cliff_02,-67839.921875,169174.890625,-20271.529297,1925.841187,2526.969482
Black_Ice_Highlands,SM_Highlands_Black_Ice_Cliff_02,-8138.880859,145784.28125,-17210.998047,2189.749756,2423.131348
Black_Ice_Highlands,SM_Highlands_Black_Ice_Cliff_01,-71672.835938,175008.8125,-19945.337891,1908.897827,2552.86792
Black_Ice_Highlands,SM_Highlands_Black_Ice_Cliff_01,-71669.289063,170318.0625,-20179.074219,1908.913574,2532.044434
Black_Ice_Highlands,SM_Highlands_Black_Ice_Cliff_01,-67440.28125,169001.9375,-20331.859375,1927.607788,2526.20166
Black_Ice_Highlands,SM_Highlands_Black_Ice_Cliff_01,-68482.085938,174956.796875,-20137.353516,1923.002563,2552.637207
Black_Ice_Highlands,SM_Highlands_Black_Ice_Cliff_01,-66752.0625,174761.9375,-19997.349609,1930.650024,2551.771973
Black_Ice_Highlands,SM_Highlands_Black_Ice_Cliff_01,-1050.546387,139661.171875,-17278.431641,2221.083984,2395.948975
Black_Ice_Highlands,SM_Highlands_Black_Ice_Cliff_01,-8165.874023,145902.78125,-17156.755859,2189.630371,2423.657471
Black_Ice_Highlands,SM_Highlands_Black_Ice_Cliff_01,-12887.517578,135805.546875,-17038.486328,2168.758301,2378.832764
Black_Ice_Highlands,SM_Highlands_Black_Ice_Cliff_02,-59314.636719,66046.117188,-17483.4375,1963.527344,2069.149414
Black_Ice_Highlands,SM_Highlands_Black_Ice_Cliff_02,-57428.636719,66512.101563,-17534.490234,1971.86438,2071.218018
Black_Ice_Highlands,SM_Highlands_Black_Ice_Cliff_02,-54092.09375,62960.480469,-18974.191406,1986.613525,2055.451172
Black_Ice_Highlands,SM_Highlands_Black_Ice_Cliff_02,-54968.769531,62690.875,-19058.857422,1982.738159,2054.254395
Black_Ice_Highlands,SM_Highlands_Black_Ice_Cliff_02,-63703.6875,58610.707031,-18957.382813,1944.125488,2036.141357
Black_Ice_Highlands,SM_Highlands_Black_Ice_Cliff_02,-64441.980469,47234.125,-18896.748047,1940.861938,1985.637207
Black_Ice_Highlands,SM_Highlands_Black_Ice_Cliff_02,-65328.003906,48914.851563,-18567.568359,1936.94519,1993.098389
Black_Ice_Highlands,SM_Highlands_Black_Ice_Cliff_02,-38039.921875,43884.703125,-19825.40625,2057.572021,1970.768066
Black_Ice_Highlands,SM_Highlands_Black_Ice_Cliff_02,-34726.933594,44817.941406,-18765.244141,2072.217285,1974.911011
Black_Ice_Highlands,SM_Highlands_Black_Ice_Cliff_02,-30873.855469,57707.453125,-17720.607422,2089.25,2032.13147
Black_Ice_Highlands,SM_Highlands_Black_Ice_Cliff_02,-29444.830078,48036.617188,-16833.386719,2095.56665,1989.199707
Black_Ice_Highlands,SM_Highlands_Black_Ice_Cliff_02,-29701.214844,47317.496094,-16810.521484,2094.433594,1986.007324
Black_Ice_Highlands,SM_Highlands_Black_Ice_Cliff_02,-44933.0,64037.378906,-18772.46875,2027.101318,2060.231934
Black_Ice_Highlands,SM_Highlands_Black_Ice_Cliff_02,-45531.636719,61378.429688,-19253.185547,2024.455078,2048.428223
Black_Ice_Highlands,SM_Highlands_Black_Ice_Cliff_02,-57522.90625,43887.234375,-19124.128906,1971.447632,1970.779297
Black_Ice_Highlands,SM_Highlands_Black_Ice_Cliff_02,-57243.09375,44183.09375,-19194.943359,1972.68457,1972.092773
Black_Ice_Highlands,SM_Highlands_Black_Ice_Cliff_02,-47313.222656,29518.46875,-17660.667969,2016.57959,1906.991943
Black_Ice_Highlands,SM_Highlands_Black_Ice_Cliff_02,-39370.898438,31599.003906,-17205.818359,2051.688477,1916.228149
Black_Ice_Highlands,SM_Highlands_Black_Ice_Cliff_02,-41827.125,30760.611328,-18103.042969,2040.830933,1912.506226
Black_Ice_Highlands,SM_Highlands_Black_Ice_Cliff_01,-50821.480469,63928.578125,-18954.800781,2001.071289,2059.749023
Black_Ice_Highlands,SM_Highlands_Black_Ice_Cliff_01,-55007.527344,57706.042969,-19553.996094,1982.566772,2032.125244
Black_Ice_Highlands,SM_Highlands_Black_Ice_Cliff_01,-66614.171875,50687.21875,-18342.6875,1931.259521,2000.966553
Black_Ice_Highlands,SM_Highlands_Black_Ice_Cliff_01,-69535.765625,43641.675781,-16932.355469,1918.344849,1969.689209
Black_Ice_Highlands,SM_Highlands_Black_Ice_Cliff_01,-68143.992188,39420.441406,-16845.699219,1924.49707,1950.949707
Black_Ice_Highlands,SM_Highlands_Black_Ice_Cliff_01,-39665.0625,40177.378906,-19217.017578,2050.388184,1954.310181
Black_Ice_Highlands,SM_Highlands_Black_Ice_Cliff_01,-29355.509766,46449.40625,-16680.658203,2095.961914,1982.153564
Black_Ice_Highlands,SM_Highlands_Black_Ice_Cliff_01,-34114.085938,33780.378906,-16385.070313,2074.92627,1925.911865
Black_Ice_Highlands,SM_Highlands_Black_Ice_Cliff_01,-30640.982422,38010.402344,-16708.648438,2090.279297,1944.690186
Black_Ice_Highlands,SM_Highlands_Black_Ice_Cliff_01,-44691.261719,63807.859375,-18772.111328,2028.170044,2059.213135
Black_Ice_Highlands,SM_Highlands_Black_Ice_Cliff_01,-42024.023438,62202.839844,-18788.722656,2039.960449,2052.087891
Black_Ice_Highlands,SM_Highlands_Black_Ice_Cliff_01,-57085.808594,44261.199219,-19250.214844,1973.379761,1972.439453
Black_Ice_Highlands,SM_Highlands_Black_Ice_Cliff_02,-42495.214844,-54715.242188,-17520.234375,2037.877563,1533.052856
Black_Ice_Highlands,SM_Highlands_Black_Ice_Grass_01,-37933.136719,-61537.988281,-18964.939453,2058.044434,1502.764526
Black_Ice_Highlands,SM_Highlands_Black_Ice_Grass_01,-32281.720703,-52567.195313,-17078.205078,2083.026367,1542.588745
Black_Ice_Highlands,SM_Highlands_Black_Ice_Cliff_01,83205.273438,154280.4375,-10297.427734,2593.536865,2460.848389
Black_Ice_Highlands,SM_Highlands_Black_Ice_Cliff_01,83629.210938,154523.84375,-10561.74707,2595.410889,2461.928955
Black_Ice_Highlands,SM_Highlands_Black_Ice_Cliff_01,76813.164063,153028.828125,-11203.582031,2565.280762,2455.292236
Black_Ice_Highlands,SM_Highlands_Black_Ice_Cliff_02,83899.515625,153223.765625,-10322.27832,2596.605713,2456.157471
Black_Ice_Highlands,SM_Highlands_Black_Ice_Cliff_02,83528.0625,154506.375,-10535.160156,2594.963867,2461.851563
Black_Ice_Highlands,SM_Highlands_Black_Ice_Cliff_02,79397.617188,156294.15625,-11528.898438,2576.705078,2469.787842
Black_Ice_Highlands,SM_Highlands_Black_Ice_Grass_02,70004.140625,106967.53125,-12154.975586,2535.181152,2250.812012
Black_Ice_Highlands,SM_Highlands_Black_Ice_Grass_02,70189.460938,106650.359375,-12137.480469,2536.000488,2249.404053
Black_Ice_Highlands,SM_Highlands_Black_Ice_Grass_02,69556.882813,105002.171875,-12149.086914,2533.204102,2242.087158
Black_Ice_Highlands,SM_Highlands_Black_Ice_Grass_02,71383.6875,112280.539063,-12438.530273,2541.279785,2274.397949
Black_Ice_Highlands,SM_Highlands_Black_Ice_Grass_02,72000.132813,112396.96875,-12568.68457,2544.004639,2274.915039
Black_Ice_Highlands,SM_Highlands_Black_Ice_Grass_01,70539.148438,110998.5,-12282.910156,2537.546387,2268.706543
Black_Ice_Highlands,SM_Highlands_Black_Ice_Grass_01,71780.15625,111367.140625,-12463.169922,2543.032227,2270.343262
Black_Ice_Highlands,SM_Highlands_Black_Ice_Grass_01,72109.84375,112665.625,-12603.924805,2544.489502,2276.107422
Black_Ice_Highlands,SM_Highlands_Black_Ice_Cliff_01,44701.476563,72324.46875,-18934.462891,2423.330566,2097.020996
Black_Ice_Highlands,SM_Highlands_Black_Ice_Cliff_02,42431.464844,71069.914063,-18922.630859,2413.296143,2091.451416
Black_Ice_Highlands,SM_Highlands_Black_Ice_Grass_02,81111.40625,4780.810059,-18398.884766,2584.281006,1797.17395
Black_Ice_Highlands,SM_Highlands_Black_Ice_Grass_02,80034.070313,4195.734863,-18471.238281,2579.518555,1794.57666
Black_Ice_Highlands,SM_Highlands_Black_Ice_Grass_02,81304.835938,3011.764893,-20332.794922,2585.13623,1789.320679
Black_Ice_Highlands,SM_Highlands_Black_Ice_Grass_01,79990.273438,3716.854248,-18497.933594,2579.324951,1792.450806
Black_Ice_Highlands,SM_Highlands_Black_Ice_Grass_01,83321.898438,6986.416504,-13720.111328,2594.05249,1806.965332
Black_Ice_Highlands,SM_Highlands_Black_Ice_Grass_01,81252.3125,6116.743164,-13892.882813,2584.903809,1803.104614
Black_Ice_Highlands,SM_Highlands_Black_Ice_Grass_01,81926.0,3309.210205,-20255.179688,2587.881836,1790.640991
Black_Ice_Highlands,SM_Highlands_Black_Ice_Cliff_02,13801.925781,-23587.128906,-8839.556641,2286.739258,1671.240112
Black_Ice_Highlands,SM_Highlands_Black_Ice_Cliff_02,11081.486328,-30673.4375,-8975.555664,2274.713623,1639.781738
Black_Ice_Highlands,SM_Highlands_Black_Ice_Cliff_01,177559.515625,116873.609375,-19817.083984,3010.630127,2294.788086
Black_Ice_Highlands,SM_Highlands_Black_Ice_Cliff_01,177619.9375,116851.023438,-19784.544922,3010.897217,2294.687988
Black_Ice_Highlands,SM_Highlands_Black_Ice_Cliff_01,171855.140625,118761.828125,-19658.896484,2985.413818,2303.17041
Black_Ice_Highlands,SM_Highlands_Black_Ice_Cliff_02,170892.8125,117501.65625,-19839.203125,2981.159912,2297.576172
Black_Ice_Highlands,SM_Highlands_Black_Ice_Grass_02,183669.71875,8636.960938,-18815.255859,3037.640381,1814.292725
Black_Ice_Highlands,SM_Highlands_Black_Ice_Grass_02,182865.59375,5655.615234,-18672.802734,3034.085938,1801.057495
Black_Ice_Highlands,SM_Highlands_Black_Ice_Cliff_01,167765.9375,-71511.359375,-12644.001953,2967.337646,1458.489746
Black_Ice_Highlands,SM_Highlands_Black_Ice_Cliff_01,164465.9375,-74622.960938,-12474.128906,2952.75,1444.676392
Black_Ice_Highlands,SM_Highlands_Black_Ice_Cliff_01,164996.75,-77162.953125,-12292.052734,2955.096436,1433.400635
Black_Ice_Highlands,SM_Highlands_Black_Ice_Cliff_01,165883.953125,-78198.695313,-12324.182617,2959.018066,1428.802612
Black_Ice_Highlands,SM_Highlands_Black_Ice_Cliff_01,169291.0625,-77325.335938,-12538.564453,2974.079346,1432.679688
Black_Ice_Highlands,SM_Highlands_Black_Ice_Cliff_01,170183.828125,-10011.539063,-19909.242188,2978.025635,1731.506226
Black_Ice_Highlands,SM_Highlands_Black_Ice_Cliff_01,170852.296875,-10005.792969,-19921.537109,2980.980957,1731.531738
Black_Ice_Highlands,SM_Highlands_Black_Ice_Cliff_01,164213.15625,-9867.865234,-19908.423828,2951.632324,1732.144043
Black_Ice_Highlands,SM_Highlands_Black_Ice_Cliff_01,165629.65625,-8974.762695,-19910.132813,2957.894043,1736.108765
Black_Ice_Highlands,SM_Highlands_Black_Ice_Cliff_01,158052.453125,-14405.996094,-19676.941406,2924.39917,1711.997803
Black_Ice_Highlands,SM_Highlands_Black_Ice_Cliff_01,156341.390625,-13315.302734,-19740.441406,2916.835205,1716.839844
Black_Ice_Highlands,SM_Highlands_Black_Ice_Cliff_01,157649.8125,-13415.691406,-19644.15625,2922.619385,1716.394165
Black_Ice_Highlands,SM_Highlands_Black_Ice_Cliff_01,176108.796875,-23817.816406,-19716.953125,3004.217285,1670.215942
Black_Ice_Highlands,SM_Highlands_Black_Ice_Cliff_01,176179.3125,-27709.574219,-19748.042969,3004.529053,1652.939331
Black_Ice_Highlands,SM_Highlands_Black_Ice_Cliff_01,174161.703125,-33435.292969,-19733.185547,2995.610107,1627.520996
Black_Ice_Highlands,SM_Highlands_Black_Ice_Cliff_01,161165.78125,-19652.525391,-19488.412109,2938.161377,1688.706909
Black_Ice_Highlands,SM_Highlands_Black_Ice_Cliff_01,157848.484375,-16644.041016,-19760.042969,2923.497559,1702.0625
Black_Ice_Highlands,SM_Highlands_Black_Ice_Cliff_01,157835.046875,-17254.197266,-19764.041016,2923.437988,1699.35376
Black_Ice_Highlands,SM_Highlands_Black_Ice_Cliff_01,156353.171875,-7299.751953,-19718.925781,2916.887451,1743.544678
Black_Ice_Highlands,SM_Highlands_Black_Ice_Cliff_02,165904.0625,-78079.234375,-12339.455078,2959.107178,1429.332886
Black_Ice_Highlands,SM_Highlands_Black_Ice_Cliff_02,167426.140625,-78987.679688,-12339.780273,2965.835449,1425.300049
Black_Ice_Highlands,SM_Highlands_Black_Ice_Cliff_02,171350.921875,-75599.9375,-12483.748047,2983.185059,1440.339355
Black_Ice_Highlands,SM_Highlands_Black_Ice_Cliff_02,170533.640625,-75951.164063,-12487.336914,2979.572266,1438.780151
Black_Ice_Highlands,SM_Highlands_Black_Ice_Grass_01,252999.796875,100795.460938,-10701.301758,3344.114014,2223.412354
Black_Ice_Highlands,SM_Highlands_Black_Ice_Grass_01,252838.03125,101006.203125,-10618.619141,3343.398926,2224.3479
Black_Ice_Highlands,SM_Highlands_Black_Ice_Grass_01,257329.859375,104642.289063,-11844.31543,3363.255127,2240.489502
Black_Ice_Highlands,SM_Highlands_Black_Ice_Grass_01,248596.453125,105608.6875,-11246.243164,3324.64917,2244.779785
Black_Ice_Highlands,SM_Highlands_Black_Ice_Grass_02,259824.15625,-71822.085938,-11525.632813,3374.281006,1457.110229
Black_Ice_Highlands,SM_Highlands_Black_Ice_Grass_02,256707.75,-72385.632813,-13669.229492,3360.505127,1454.608643
Black_Ice_Highlands,SM_Highlands_Black_Ice_Grass_02,234645.84375,-70772.265625,-15489.199219,3262.980469,1461.770874
Black_Ice_Highlands,SM_Highlands_Black_Ice_Grass_02,234409.3125,-70704.0625,-15458.371094,3261.934814,1462.073608
Black_Ice_Highlands,SM_Highlands_Black_Ice_Grass_02,237120.0625,-63831.875,-15330.506836,3273.917725,1492.581299
Black_Ice_Highlands,SM_Highlands_Black_Ice_Grass_02,265643.125,-96298.523438,-16154.625,3400.003906,1348.452026
Black_Ice_Highlands,SM_Highlands_Black_Ice_Grass_02,226787.71875,-62933.863281,-18199.476563,3228.243652,1496.567871
Black_Ice_Highlands,SM_Highlands_Black_Ice_Grass_01,259780.140625,-71751.546875,-11527.532227,3374.08667,1457.423462
Black_Ice_Highlands,SM_Highlands_Black_Ice_Grass_01,257870.390625,-72106.664063,-13519.045898,3365.644531,1455.847046
Black_Ice_Highlands,SM_Highlands_Black_Ice_Grass_01,257013.828125,-72248.421875,-13648.22168,3361.85791,1455.217651
Black_Ice_Highlands,SM_Highlands_Black_Ice_Grass_01,258179.375,-72612.492188,-12770.553711,3367.010254,1453.60144
Black_Ice_Highlands,SM_Highlands_Black_Ice_Grass_01,236294.671875,-69383.8125,-15519.441406,3270.269043,1467.93457
Black_Ice_Highlands,SM_Highlands_Black_Ice_Grass_01,236675.421875,-61932.03125,-12983.996094,3271.952148,1501.015259
Black_Ice_Highlands,SM_Highlands_Black_Ice_Grass_01,236501.5,-62151.957031,-13102.072266,3271.18335,1500.03894
Black_Ice_Highlands,SM_Highlands_Black_Ice_Grass_01,236999.515625,-64095.019531,-15308.975586,3273.384766,1491.413086
Black_Ice_Highlands,SM_Highlands_Black_Ice_Grass_01,265656.1875,-99738.914063,-16551.757813,3400.061768,1333.179077
Black_Ice_Highlands,SM_Highlands_Black_Ice_Grass_01,267056.125,-97596.445313,-16610.8125,3406.25,1342.690063
Black_Ice_Highlands,SM_Highlands_Black_Ice_Grass_01,267650.09375,-97101.1875,-16635.117188,3408.875732,1344.888672
Black_Ice_Highlands,SM_Highlands_Black_Ice_Grass_01,266210.09375,-97774.539063,-16632.972656,3402.510498,1341.899414
Black_Ice_Highlands,SM_Highlands_Black_Ice_Grass_01,227245.328125,-66934.96875,-18229.894531,3230.266357,1478.805786
Black_Ice_Highlands,SM_Highlands_Black_Ice_Grass_01,227503.65625,-66150.085938,-18255.783203,3231.408203,1482.290039
Black_Ice_Highlands,SM_Highlands_Black_Ice_Grass_01,226547.421875,-61611.90625,-17838.802734,3227.181396,1502.436401
Black_Ice_Highlands,SM_Highlands_Black_Ice_Grass_01,225964.40625,-61394.371094,-17848.691406,3224.604004,1503.4021
Black_Ice_Highlands,SM_Highlands_Black_Ice_Grass_01,225643.8125,-61072.59375,-17846.421875,3223.186768,1504.830566