Material,Mesh,X,Y,Z,MapX,MapY
Brimstone_Normal,SM_cave_stalactite_01_Siptah,-330784.71875,201388.5625,-15943.057617,763.493042,2669.97583
Brimstone_Normal,SM_cave_stalactite_01_Siptah,-329339.8125,203181.3125,-15173.475586,769.880249,2677.934326
Brimstone_Normal,SM_cave_stalactite_01_Siptah,-331628.46875,198384.796875,-16303.949219,759.763245,2656.641113
Brimstone_Normal,SM_cave_stalactite_01_Siptah,-330587.0,198473.703125,-16439.310547,764.367065,2657.035889
Brimstone_Normal,SM_cave_stalactite_01_Siptah,-330464.96875,198205.734375,-16497.546875,764.906494,2655.846191
Brimstone_Normal,SM_cave_stalactite_01_Siptah,-364110.5625,191565.78125,-16252.341797,616.176025,2626.369385
Brimstone_Normal,SM_cave_stalactite_01_Siptah,-363948.59375,191956.265625,-16300.986328,616.892029,2628.103027
Brimstone_Normal,SM_cave_stalactite_01_Siptah,-362961.75,192278.46875,-16212.166016,621.254395,2629.533203
Brimstone_Normal,SM_cave_stalactite_01_Siptah,-370590.53125,192814.9375,-16047.5,587.531311,2631.914795
Brimstone_Normal,SM_cave_stalactite_01_Siptah,-370595.71875,192800.515625,-16041.967773,587.508362,2631.85083
Brimstone_Normal,SM_cave_stalactite_01_Siptah,-370153.0,194743.625,-15992.754883,589.465454,2640.476807
Brimstone_Normal,SM_cave_stalactite_01_Siptah,-347842.96875,202795.703125,-20649.302734,688.086975,2676.222412
Brimstone_Normal,SM_cave_stalactite_01_Siptah,-347428.25,203560.4375,-20645.191406,689.920227,2679.617432
Brimstone_Normal,SM_cave_stalactite_01_Siptah,-353357.75,209146.203125,-20616.816406,663.708862,2704.414307
Brimstone_Normal,SM_cave_stalactite_01_Siptah,-352458.84375,209018.34375,-20734.353516,667.682495,2703.84668
Brimstone_Normal,SM_cave_stalactite_01_Siptah,-352766.0,207285.359375,-20695.121094,666.324707,2696.15332
Brimstone_Normal,SM_cave_stalactite_01_Siptah,-353817.71875,211367.625,-20443.478516,661.675598,2714.275879
Brimstone_Normal,SM_cave_stalactite_01_Siptah,-352580.65625,201482.59375,-20494.021484,667.144043,2670.393311
Brimstone_Normal,SM_cave_stalactite_01_Siptah,-231772.796875,186032.375,-17414.617188,1201.175537,2601.804932
Brimstone_Normal,SM_cave_stalactite_01_Siptah,-231530.90625,186655.90625,-17533.310547,1202.244751,2604.572998
Brimstone_Normal,SM_cave_stalactite_01_Siptah,-214058.078125,134614.203125,-9776.598633,1279.483521,2373.543945
Brimstone_Normal,SM_cave_stalactite_01_Siptah,-231737.765625,185184.21875,-17412.441406,1201.330322,2598.039795
Brimstone_Normal,SM_cave_stalactite_01_Siptah,-232713.0625,185529.265625,-17555.238281,1197.019043,2599.571533
Brimstone_Normal,SM_cave_stalactite_01_Siptah,-232657.796875,185310.953125,-17562.447266,1197.263428,2598.602295
Brimstone_Normal,SM_cave_stalactite_01_Siptah,-231560.6875,185524.375,-17364.302734,1202.113037,2599.549805
Brimstone_Normal,SM_cave_stalactite_01_Siptah,-214339.9375,137078.34375,-9726.708984,1278.237549,2384.483154
Brimstone_Normal,SM_cave_stalactite_01_Siptah,-214675.171875,135081.921875,-9757.439453,1276.755615,2375.620361
Brimstone_Normal,SM_cave_stalactite_01_Siptah,-214263.765625,135663.546875,-9761.641602,1278.574219,2378.202393
Brimstone_Normal,SM_cave_stalactite_01_Siptah,-252819.046875,22777.236328,-12597.953125,1108.140503,1877.065674
Brimstone_Normal,SM_cave_stalactite_01_Siptah,-253154.734375,22687.279297,-12591.40332,1106.656494,1876.66626
Brimstone_Normal,SM_cave_stalactite_01_Siptah,-254491.375,24640.947266,-13641.200195,1100.748047,1885.339111
Brimstone_Normal,SM_cave_stalactite_01_Siptah,-254489.109375,24354.222656,-13627.058594,1100.758057,1884.066406
Brimstone_Normal,SM_cave_stalactite_01_Siptah,-253652.234375,23808.042969,-12591.40332,1104.457397,1881.641602
Brimstone_Normal,SM_cave_stalactite_01_Siptah,-248635.0,17330.128906,-14453.93457,1126.636108,1852.884277
Brimstone_Normal,SM_cave_stalactite_01_Siptah,-252886.453125,17915.652344,-15233.137695,1107.842529,1855.483643
Brimstone_Normal,SM_cave_stalactite_01_Siptah,-238524.5,15318.09375,-12592.439453,1171.32959,1843.952148
Brimstone_Normal,SM_cave_stalactite_01_Siptah,-238530.921875,16686.242188,-12184.355469,1171.30127,1850.025879
Brimstone_Normal,SM_cave_stalactite_01_Siptah,-212654.5625,54340.011719,-11888.166016,1285.687744,2017.182373
Brimstone_Normal,SM_cave_stalactite_01_Siptah,-284421.96875,76380.796875,-12994.835938,968.439697,2115.028076
Brimstone_Normal,SM_cave_stalactite_01_Siptah,-285431.96875,75695.382813,-13007.581055,963.974976,2111.985352
Brimstone_Normal,SM_cave_stalactite_01_Siptah,-286838.0,74861.304688,-12592.789063,957.759644,2108.282715
Brimstone_Normal,SM_cave_stalactite_01_Siptah,-284121.8125,77346.851563,-12529.926758,969.766479,2119.31665
Brimstone_Normal,SM_cave_stalactite_01_Siptah,-284279.125,72923.84375,-13014.772461,969.071106,2099.681641
Brimstone_Normal,SM_cave_stalactite_01_Siptah,-285103.28125,74299.546875,-12997.013672,965.427979,2105.788818
Brimstone_Normal,SM_cave_stalactite_01_Siptah,-284050.4375,79942.179688,-12286.523438,970.082031,2130.838379
Brimstone_Normal,SM_cave_stalactite_01_Siptah,-254284.53125,22868.103516,-12582.848633,1101.662354,1877.468994
Brimstone_Normal,SM_cave_stalactite_01_Siptah,-259616.84375,-56495.019531,-16974.285156,1078.09082,1525.151733
Brimstone_Normal,SM_cave_stalactite_01_Siptah,-259422.71875,-56229.171875,-16973.074219,1078.948975,1526.332031
Brimstone_Normal,SM_cave_stalactite_01_Siptah,-260690.296875,-55218.40625,-16867.835938,1073.345703,1530.819214
Brimstone_Normal,SM_cave_stalactite_01_Siptah,-259697.75,-54606.296875,-20339.373047,1077.733154,1533.536377
Brimstone_Normal,SM_cave_stalactite_01_Siptah,-258108.484375,-56195.128906,-20387.201172,1084.758545,1526.483154
Brimstone_Normal,SM_cave_stalactite_01_Siptah,-258350.921875,-56879.207031,-20329.855469,1083.686768,1523.446289
Brimstone_Normal,SM_cave_stalactite_01_Siptah,-260259.578125,-50075.019531,-17730.933594,1075.249634,1553.652222
Brimstone_Normal,SM_cave_stalactite_01_Siptah,-259994.375,-51474.503906,-17417.5,1076.421875,1547.439453
Brimstone_Normal,SM_cave_stalactite_01_Siptah,-260350.15625,-56311.753906,-16390.068359,1074.849243,1525.965454
Brimstone_Normal,SM_cave_stalactite_01_Siptah,-185085.03125,83108.929688,-15806.014648,1407.558838,2144.896484
Brimstone_Normal,SM_cave_stalactite_01_Siptah,-182938.390625,81540.390625,-16179.150391,1417.048096,2137.933105
Brimstone_Normal,SM_cave_stalactite_01_Siptah,-183073.328125,81536.609375,-16114.785156,1416.45166,2137.916504
Brimstone_Normal,SM_cave_stalactite_01_Siptah,-182270.96875,84856.617188,-16301.972656,1419.998535,2152.654785
Brimstone_Normal,SM_cave_stalactite_01_Siptah,-182245.140625,80508.34375,-16547.548828,1420.112549,2133.351563
Brimstone_Normal,SM_cave_stalactite_01_Siptah,-181352.328125,84874.0,-16556.759766,1424.059326,2152.731934
Brimstone_Normal,SM_cave_stalactite_01_Siptah,-175612.6875,88124.132813,-16343.921875,1449.431396,2167.1604
Brimstone_Normal,SM_cave_stalactite_01_Siptah,-181434.328125,79700.664063,-16736.814453,1423.696777,2129.766113
Brimstone_Normal,SM_cave_stalactite_01_Siptah,-178494.75,76316.359375,-16992.982422,1436.691284,2114.742188
Brimstone_Normal,SM_cave_stalactite_01_Siptah,-190464.9375,117852.851563,-14117.814453,1383.776978,2299.135254
Brimstone_Normal,SM_cave_stalactite_01_Siptah,-187690.515625,115878.195313,-14897.500977,1396.04126,2290.369141
Brimstone_Normal,SM_cave_stalactite_01_Siptah,-187698.984375,115705.101563,-14880.451172,1396.003906,2289.600586
Brimstone_Normal,SM_cave_stalactite_01_Siptah,-163333.09375,147747.15625,-18868.302734,1503.713379,2431.845215
Brimstone_Normal,SM_cave_stalactite_01_Siptah,-177587.6875,129652.546875,-12755.922852,1440.700928,2351.517578
Brimstone_Normal,SM_cave_stalactite_01_Siptah,-177415.75,129707.859375,-12737.542969,1441.460938,2351.763184
Brimstone_Normal,SM_cave_stalactite_01_Siptah,-159017.640625,145680.359375,-18948.392578,1522.789795,2422.669922
Brimstone_Normal,SM_cave_stalactite_01_Siptah,-161593.53125,145787.203125,-19351.671875,1511.403076,2423.144287
Brimstone_Normal,SM_cave_stalactite_01_Siptah,-162293.0,143543.578125,-19023.560547,1508.311035,2413.184326
Brimstone_Normal,SM_cave_stalactite_01_Siptah,-154745.859375,142490.3125,-17931.126953,1541.67334,2408.508545
Brimstone_Normal,SM_cave_stalactite_01_Siptah,-155373.171875,143639.34375,-18194.066406,1538.900269,2413.609375
Brimstone_Normal,SM_cave_stalactite_01_Siptah,-178828.234375,-26594.277344,-17067.572266,1435.217041,1657.890259
Brimstone_Normal,SM_cave_stalactite_01_Siptah,-179089.03125,-26383.458984,-17205.291016,1434.064209,1658.826172
Brimstone_Normal,SM_cave_stalactite_01_Siptah,-185633.640625,-27146.869141,-16383.484375,1405.133789,1655.437256
Brimstone_Normal,SM_cave_stalactite_01_Siptah,-184052.140625,-25226.179688,-16854.929688,1412.124756,1663.963745
Brimstone_Normal,SM_cave_stalactite_01_Siptah,-184270.09375,-25007.945313,-16658.042969,1411.161377,1664.932617
Brimstone_Normal,SM_cave_stalactite_01_Siptah,-188889.015625,-31028.476563,-13294.966797,1390.743408,1638.205688
Brimstone_Normal,SM_cave_stalactite_01_Siptah,-188262.609375,-31853.583984,-13273.25,1393.512451,1634.542725
Brimstone_Normal,SM_cave_stalactite_01_Siptah,-160132.21875,-38426.933594,-19649.226563,1517.862915,1605.361572
Brimstone_Normal,SM_cave_stalactite_01_Siptah,-186290.546875,-33340.03125,-15962.24707,1402.229858,1627.943848
Brimstone_Normal,SM_cave_stalactite_01_Siptah,-167223.796875,-38583.792969,-20636.609375,1486.514526,1604.665283
Brimstone_Normal,SM_cave_stalactite_01_Siptah,-169114.375,-26832.775391,-20662.785156,1478.157227,1656.831665
Brimstone_Normal,SM_cave_stalactite_01_Siptah,-168015.890625,-29202.402344,-20662.761719,1483.013062,1646.312012
Brimstone_Normal,SM_cave_stalactite_01_Siptah,-163724.953125,-3238.586182,-20643.699219,1501.981201,1761.573364
Brimstone_Normal,SM_cave_stalactite_01_Siptah,-161967.59375,-381.564789,-20669.791016,1509.749512,1774.256592
Brimstone_Normal,SM_cave_stalactite_01_Siptah,-162432.5625,868.216614,-20679.087891,1507.694214,1779.80481
Brimstone_Normal,SM_cave_stalactite_01_Siptah,-154528.21875,10818.473633,-20671.736328,1542.635376,1823.977051
Brimstone_Normal,SM_cave_stalactite_01_Siptah,-159151.921875,7325.144531,-20579.601563,1522.196289,1808.468994
Brimstone_Normal,SM_cave_stalactite_01_Siptah,-162732.3125,-44662.816406,-20642.683594,1506.369141,1577.678589
Brimstone_Normal,SM_cave_stalactite_01_Siptah,-167723.296875,-7892.319824,-20672.089844,1484.306396,1740.914185
Brimstone_Normal,SM_cave_stalactite_01_Siptah,-158337.3125,-4675.58252,-19704.753906,1525.797363,1755.194214
Brimstone_Normal,SM_cave_stalactite_01_Siptah,-171403.734375,-17582.037109,-20374.964844,1468.037109,1697.89856
Brimstone_Normal,SM_cave_stalactite_01_Siptah,-164525.015625,-11534.118164,-20369.490234,1498.444458,1724.746948
Brimstone_Normal,SM_cave_stalactite_01_Siptah,-180971.1875,-23679.734375,-17223.867188,1425.744141,1670.828857
Brimstone_Normal,SM_cave_stalactite_01_Siptah,-184202.875,-31133.162109,-16299.948242,1411.458496,1637.740845
Brimstone_Normal,SM_cave_stalactite_01_Siptah,-180379.5,-31114.810547,-16808.222656,1428.359741,1637.822266
Brimstone_Normal,SM_cave_stalactite_01_Siptah,-179015.96875,-29762.210938,-17153.410156,1434.387207,1643.826904
Brimstone_Normal,SM_cave_stalactite_01_Siptah,-145838.390625,35776.199219,-17193.193359,1581.048706,1934.771973
Brimstone_Normal,SM_cave_stalactite_01_Siptah,-138816.609375,44398.496094,-16764.333984,1612.088501,1973.049072
Brimstone_Normal,SM_cave_stalactite_01_Siptah,-140707.5,45521.828125,-16643.488281,1603.729858,1978.035767
Brimstone_Normal,SM_cave_stalactite_01_Siptah,-146593.65625,46492.726563,-16687.878906,1577.710083,1982.345825
Brimstone_Normal,SM_cave_stalactite_01_Siptah,-149002.8125,46616.34375,-16653.451172,1567.060425,1982.894775
Brimstone_Normal,SM_cave_stalactite_01_Siptah,-154051.671875,-62200.34375,-20658.800781,1544.741943,1499.824219
Brimstone_Normal,SM_cave_stalactite_01_Siptah,-152158.796875,-52691.457031,-20578.183594,1553.109375,1542.036987
Brimstone_Normal,SM_cave_stalactite_01_Siptah,-155921.390625,-54353.597656,-20655.863281,1536.476807,1534.658325
Brimstone_Normal,SM_cave_stalactite_01_Siptah,-64089.308594,177010.4375,-17483.585938,1942.420776,2561.753906
Brimstone_Normal,SM_cave_stalactite_01_Siptah,-74431.140625,170236.609375,-18321.673828,1896.704834,2531.682617
Brimstone_Normal,SM_cave_stalactite_01_Siptah,-61555.457031,168291.046875,-18716.720703,1953.621704,2523.045898
Brimstone_Normal,SM_cave_stalactite_01_Siptah,-73508.539063,178204.671875,-17558.201172,1900.783081,2567.05542
Brimstone_Normal,SM_cave_stalactite_01_Siptah,-72772.640625,176507.34375,-18357.425781,1904.036255,2559.520508
Brimstone_Normal,SM_cave_stalactite_01_Siptah,-74995.0625,176458.21875,-14471.212891,1894.211914,2559.302246
Brimstone_Normal,SM_cave_stalactite_01_Siptah,-75878.632813,174277.484375,-14470.589844,1890.306152,2549.621338
Brimstone_Normal,SM_cave_stalactite_01_Siptah,-74970.320313,176322.21875,-14404.15625,1894.321289,2558.69873
Brimstone_Normal,SM_cave_stalactite_01_Siptah,-75923.523438,174039.21875,-14507.15332,1890.107666,2548.563721
Brimstone_Normal,SM_cave_stalactite_01_Siptah,-73157.65625,178469.96875,-17506.626953,1902.334106,2568.233154
Brimstone_Normal,SM_cave_stalactite_01_Siptah,-72814.648438,174929.96875,-20148.640625,1903.850342,2552.518066
Brimstone_Normal,SM_cave_stalactite_01_Siptah,-73715.953125,171593.03125,-19273.085938,1899.866333,2537.704346
Brimstone_Normal,SM_cave_stalactite_01_Siptah,-54664.519531,57235.492188,-19560.427734,1984.083008,2030.036377
Brimstone_Normal,SM_cave_stalactite_01_Siptah,-53552.179688,58069.035156,-19837.263672,1989.000244,2033.736572
Brimstone_Normal,SM_cave_stalactite_01_Siptah,-60258.164063,41744.035156,-19246.5625,1959.356445,1961.265015
Brimstone_Normal,SM_cave_stalactite_01_Siptah,-67840.5625,54658.703125,-18709.244141,1925.838379,2018.597168
Brimstone_Normal,SM_cave_stalactite_01_Siptah,-67511.515625,55187.175781,-18733.574219,1927.292969,2020.943115
Brimstone_Normal,SM_cave_stalactite_01_Siptah,-60542.878906,61841.90625,-18993.634766,1958.097778,2050.485596
Brimstone_Normal,SM_cave_stalactite_01_Siptah,-60536.933594,64740.417969,-18033.244141,1958.124023,2063.353027
Brimstone_Normal,SM_cave_stalactite_01_Siptah,-60344.003906,63458.222656,-18516.056641,1958.976929,2057.660889
Brimstone_Normal,SM_cave_stalactite_01_Siptah,-57764.679688,34640.285156,-17232.423828,1970.378906,1929.729248
Brimstone_Normal,SM_cave_stalactite_01_Siptah,-57557.773438,35124.511719,-17199.951172,1971.293457,1931.878906
Brimstone_Normal,SM_cave_stalactite_01_Siptah,-57452.457031,42201.261719,-19259.640625,1971.758911,1963.2948
Brimstone_Normal,SM_cave_stalactite_01_Siptah,-56498.832031,45852.875,-19367.712891,1975.974487,1979.505371
Brimstone_Normal,SM_cave_stalactite_01_Siptah,-59441.808594,63699.3125,-18314.519531,1962.965088,2058.731201
Brimstone_Normal,SM_cave_stalactite_01_Siptah,-46777.402344,32814.289063,-18825.726563,2018.94812,1921.623047
Brimstone_Normal,SM_cave_stalactite_01_Siptah,-46737.300781,42898.835938,-19434.083984,2019.125366,1966.391602
Brimstone_Normal,SM_cave_stalactite_01_Siptah,-43642.355469,59186.765625,-19335.101563,2032.806763,2038.698608
Brimstone_Normal,SM_cave_stalactite_01_Siptah,-44112.140625,60501.050781,-19424.146484,2030.72998,2044.533081
Brimstone_Normal,SM_cave_stalactite_01_Siptah,-40201.636719,61829.0,-18633.816406,2048.016357,2050.428223
Brimstone_Normal,SM_cave_stalactite_01_Siptah,-39472.609375,33638.726563,-17145.130859,2051.23877,1925.283081
Brimstone_Normal,SM_cave_stalactite_01_Siptah,-30505.257813,41815.671875,-16851.050781,2090.879395,1961.583008
Brimstone_Normal,SM_cave_stalactite_01_Siptah,-30495.40625,44639.105469,-17036.917969,2090.922852,1974.117065
Brimstone_Normal,SM_cave_stalactite_01_Siptah,-30337.685547,43390.425781,-16934.580078,2091.619873,1968.57373
Brimstone_Normal,SM_cave_stalactite_01_Siptah,-34838.199219,55834.953125,-18802.736328,2071.725586,2023.818848
Brimstone_Normal,SM_cave_stalactite_01_Siptah,-34334.863281,54196.679688,-19148.314453,2073.950439,2016.546143
Brimstone_Normal,SM_cave_stalactite_01_Siptah,-33359.566406,57037.539063,-18288.832031,2078.261719,2029.157471
Brimstone_Normal,SM_cave_stalactite_01_Siptah,-36475.261719,64156.113281,-18302.328125,2064.48877,2060.759033
Brimstone_Normal,SM_cave_stalactite_01_Siptah,-29440.316406,53599.277344,-18214.21875,2095.586914,2013.894043
Brimstone_Normal,SM_cave_stalactite_01_Siptah,-59161.441406,52482.375,-19707.142578,1964.204468,2008.935791
Brimstone_Normal,SM_cave_stalactite_01_Siptah,-60024.554688,46154.542969,-19090.404297,1960.389038,1980.844482
Brimstone_Normal,SM_cave_stalactite_01_Siptah,-61944.167969,45909.097656,-19076.509766,1951.903442,1979.755005
Brimstone_Normal,SM_cave_stalactite_01_Siptah,-61255.007813,45020.613281,-19106.412109,1954.949951,1975.810791
Brimstone_Normal,SM_cave_stalactite_01_Siptah,-57650.214844,36668.21875,-17958.255859,1970.884766,1938.731934
Brimstone_Normal,SM_cave_stalactite_01_Siptah,-56990.851563,39946.65625,-19184.185547,1973.799561,1953.285889
Brimstone_Normal,SM_cave_stalactite_01_Siptah,-56153.335938,38634.222656,-19267.863281,1977.501831,1947.459473
Brimstone_Normal,SM_cave_stalactite_01_Siptah,-43650.070313,35665.003906,-19379.330078,2032.772583,1934.27832
Brimstone_Normal,SM_cave_stalactite_01_Siptah,-44431.488281,42350.496094,-19689.84375,2029.318237,1963.957275
Brimstone_Normal,SM_cave_stalactite_01_Siptah,-41981.261719,45045.410156,-19617.359375,2040.149536,1975.920898
Brimstone_Normal,SM_cave_stalactite_01_Siptah,-41403.03125,43576.253906,-19825.556641,2042.705566,1969.398804
Brimstone_Normal,SM_cave_stalactite_01_Siptah,-35654.429688,47698.570313,-19291.431641,2068.117188,1987.698975
Brimstone_Normal,SM_cave_stalactite_01_Siptah,-32396.085938,48094.835938,-17406.740234,2082.520752,1989.45813
Brimstone_Normal,SM_cave_stalactite_01_Siptah,-30116.470703,56239.6875,-17910.513672,2092.597656,2025.615601
Brimstone_Normal,SM_cave_stalactite_01_Siptah,-38413.402344,50850.867188,-19486.720703,2055.921143,2001.692993
Brimstone_Normal,SM_cave_stalactite_01_Siptah,-37533.15625,50814.40625,-19648.453125,2059.812256,2001.531128
Brimstone_Normal,SM_cave_stalactite_01_Siptah,-37213.46875,52010.015625,-19524.119141,2061.225586,2006.838867
Brimstone_Normal,SM_cave_stalactite_01_Siptah,-43288.035156,56811.917969,-19446.158203,2034.372925,2028.156006
Brimstone_Normal,SM_cave_stalactite_01_Siptah,-48858.714844,63963.550781,-19077.679688,2009.747681,2059.904297
Brimstone_Normal,SM_cave_stalactite_01_Siptah,-36233.125,-60855.566406,-19071.886719,2065.559082,1505.794067
Brimstone_Normal,SM_cave_stalactite_01_Siptah,-33119.507813,-57595.726563,-18456.9375,2079.322998,1520.265503
Brimstone_Normal,SM_cave_stalactite_01_Siptah,-37388.910156,-49641.164063,-18850.201172,2060.450195,1555.578247
Brimstone_Normal,SM_cave_stalactite_01_Siptah,-41024.550781,-56563.769531,-19023.375,2044.37854,1524.846558
Brimstone_Normal,SM_cave_stalactite_01_Siptah,-41239.855469,-57057.234375,-18987.830078,2043.427002,1522.655884
Brimstone_Normal,SM_cave_stalactite_01_Siptah,-38065.871094,-62999.082031,-19018.539063,2057.45752,1496.27832
Brimstone_Normal,SM_cave_stalactite_01_Siptah,-42086.058594,-63645.488281,-17854.515625,2039.686279,1493.408691
Brimstone_Normal,SM_cave_stalactite_01_Siptah,-32738.779297,-53196.785156,-18896.181641,2081.005859,1539.793701
Brimstone_Normal,SM_cave_stalactite_01_Siptah,-34251.710938,-50335.03125,-18905.099609,2074.317871,1552.497925
Brimstone_Normal,SM_cave_stalactite_01_Siptah,38875.417969,73228.6875,-18969.75,2397.57666,2101.034912
Brimstone_Normal,SM_cave_stalactite_01_Siptah,40328.890625,73321.265625,-18960.287109,2404.001709,2101.445801
Brimstone_Normal,SM_cave_stalactite_01_Siptah,37412.3125,69158.085938,-18988.347656,2391.108887,2082.964355
Brimstone_Normal,SM_cave_stalactite_01_Siptah,42058.792969,65500.21875,-19202.248047,2411.648926,2066.726074
Brimstone_Normal,SM_cave_stalactite_01_Siptah,38533.617188,66470.523438,-18542.544922,2396.065674,2071.033447
Brimstone_Normal,SM_cave_stalactite_01_Siptah,72893.765625,115087.96875,-12501.549805,2547.954834,2286.861084
Brimstone_Normal,SM_cave_stalactite_01_Siptah,73474.710938,114735.617188,-12521.757813,2550.522949,2285.296875
Brimstone_Normal,SM_cave_stalactite_01_Siptah,77565.851563,111679.96875,-11422.268555,2568.60791,2271.731934
Brimstone_Normal,SM_cave_stalactite_01_Siptah,77623.4375,111947.039063,-11440.728516,2568.862305,2272.91748
Brimstone_Normal,SM_cave_stalactite_01_Siptah,67211.5625,107510.75,-12152.666992,2522.83667,2253.223633
Brimstone_Normal,SM_cave_stalactite_01_Siptah,66557.117188,107842.234375,-12287.232422,2519.943848,2254.695068
Brimstone_Normal,SM_cave_stalactite_01_Siptah,66028.84375,107775.148438,-12412.386719,2517.608398,2254.397217
Brimstone_Normal,SM_cave_stalactite_01_Siptah,66369.109375,112692.851563,-12834.478516,2519.112793,2276.228516
Brimstone_Normal,SM_cave_stalactite_01_Siptah,74892.054688,74968.460938,-19145.064453,2556.788574,2108.758301
Brimstone_Normal,SM_cave_stalactite_01_Siptah,75282.453125,70152.976563,-19131.474609,2558.513916,2087.380859
Brimstone_Normal,SM_cave_stalactite_01_Siptah,75747.015625,69689.65625,-19068.410156,2560.567627,2085.324219
Brimstone_Normal,SM_cave_stalactite_01_Siptah,74968.84375,68270.828125,-19083.517578,2557.12793,2079.025391
Brimstone_Normal,SM_cave_stalactite_01_Siptah,71455.703125,66051.523438,-19071.640625,2541.5979,2069.17334
Brimstone_Normal,SM_cave_stalactite_01_Siptah,71889.195313,66465.734375,-19137.419922,2543.51416,2071.012207
Brimstone_Normal,SM_cave_stalactite_01_Siptah,78664.546875,68305.0,-18409.238281,2573.464844,2079.177246
Brimstone_Normal,SM_cave_stalactite_01_Siptah,78283.984375,66658.96875,-18563.505859,2571.782471,2071.870117
Brimstone_Normal,SM_cave_stalactite_01_Siptah,64355.882813,74046.765625,-19149.417969,2510.213135,2104.666504
Brimstone_Normal,SM_cave_stalactite_01_Siptah,71571.984375,85835.15625,-19117.994141,2542.112061,2156.999023
Brimstone_Normal,SM_cave_stalactite_01_Siptah,62351.273438,87765.171875,-19125.21875,2501.351807,2165.566895
Brimstone_Normal,SM_cave_stalactite_01_Siptah,70635.515625,112120.875,-12370.081055,2537.972168,2273.689209
Brimstone_Normal,SM_cave_stalactite_01_Siptah,70847.820313,112927.859375,-12341.570313,2538.910645,2277.271729
Brimstone_Normal,SM_cave_stalactite_01_Siptah,79047.632813,104019.476563,-10009.929688,2575.158203,2237.724609
Brimstone_Normal,SM_cave_stalactite_01_Siptah,80633.414063,-1691.24292,-18969.007813,2582.167969,1768.442505
Brimstone_Normal,SM_cave_stalactite_01_Siptah,81330.921875,-3133.807617,-19029.091797,2585.251465,1762.038574
Brimstone_Normal,SM_cave_stalactite_01_Siptah,85186.195313,6743.077148,-14947.445313,2602.293701,1805.88501
Brimstone_Normal,SM_cave_stalactite_01_Siptah,86021.328125,220.869873,-18991.046875,2605.985107,1776.93103
Brimstone_Normal,SM_cave_stalactite_01_Siptah,87886.554688,215.371948,-17879.402344,2614.230469,1776.906616
Brimstone_Normal,SM_cave_stalactite_01_Siptah,93093.726563,-5856.588379,-15979.999023,2637.248779,1749.951294
Brimstone_Normal,SM_cave_stalactite_01_Siptah,85727.851563,-6071.40332,-19013.130859,2604.687988,1748.997681
Brimstone_Normal,SM_cave_stalactite_01_Siptah,85172.078125,-6459.356934,-18378.005859,2602.231201,1747.275391
Brimstone_Normal,SM_cave_stalactite_01_Siptah,82428.210938,-3752.013672,-18961.595703,2590.102051,1759.294189
Brimstone_Normal,SM_cave_stalactite_01_Siptah,85029.546875,1442.97644,-19003.478516,2601.601318,1782.356201
Brimstone_Normal,SM_cave_stalactite_01_Siptah,84806.96875,7158.750977,-14943.829102,2600.617188,1807.730347
Brimstone_Normal,SM_cave_stalactite_01_Siptah,88093.664063,3199.880859,-15209.603516,2615.14624,1790.155762
Brimstone_Normal,SM_cave_stalactite_01_Siptah,91380.085938,-4703.980957,-17519.244141,2629.673828,1755.068115
Brimstone_Normal,SM_cave_stalactite_01_Siptah,93865.1875,-6424.379883,-15995.938477,2640.65918,1747.430664
Brimstone_Normal,SM_cave_stalactite_01_Siptah,174155.40625,119540.265625,-19902.126953,2995.582031,2306.626221
Brimstone_Normal,SM_cave_stalactite_01_Siptah,178920.609375,114556.9375,-19473.882813,3016.646729,2284.503662
Brimstone_Normal,SM_cave_stalactite_01_Siptah,172318.015625,118966.929688,-19825.261719,2987.459961,2304.081055
Brimstone_Normal,SM_cave_stalactite_01_Siptah,178085.78125,112800.367188,-19686.228516,3012.956299,2276.705811
Brimstone_Normal,SM_cave_stalactite_01_Siptah,170343.171875,119377.085938,-19206.576172,2978.730225,2305.901855
Brimstone_Normal,SM_cave_stalactite_01_Siptah,178746.5,118162.367188,-19257.101563,3015.877197,2300.509277
Brimstone_Normal,SM_cave_stalactite_01_Siptah,178096.390625,119457.59375,-19012.464844,3013.003418,2306.259277
Brimstone_Normal,SM_cave_stalactite_01_Siptah,178182.3125,119180.734375,-19034.613281,3013.383057,2305.030273
Brimstone_Normal,SM_cave_stalactite_01_Siptah,178114.421875,113149.171875,-19644.195313,3013.083252,2278.25415
Brimstone_Normal,SM_cave_stalactite_01_Siptah,169996.296875,117130.023438,-19797.337891,2977.197021,2295.92627
Brimstone_Normal,SM_cave_stalactite_01_Siptah,126944.75,84199.773438,-19298.013672,2786.887451,2149.739014
Brimstone_Normal,SM_cave_stalactite_01_Siptah,126225.289063,83428.507813,-19259.431641,2783.707031,2146.314941
Brimstone_Normal,SM_cave_stalactite_01_Siptah,185966.671875,10328.933594,-18829.470703,3047.793945,1821.803833
Brimstone_Normal,SM_cave_stalactite_01_Siptah,185812.125,10683.905273,-18872.707031,3047.11084,1823.379639
Brimstone_Normal,SM_cave_stalactite_01_Siptah,183951.234375,1858.110962,-18764.767578,3038.884766,1784.199219
Brimstone_Normal,SM_cave_stalactite_01_Siptah,131799.0625,93987.625,-20784.400391,2808.345947,2193.190186
Brimstone_Normal,SM_cave_stalactite_01_Siptah,130119.023438,93786.140625,-19819.15625,2800.919189,2192.295898
Brimstone_Normal,SM_cave_stalactite_01_Siptah,134651.09375,93277.4375,-20101.371094,2820.953369,2190.037598
Brimstone_Normal,SM_cave_stalactite_01_Siptah,134118.203125,93160.53125,-20092.761719,2818.597656,2189.518555
Brimstone_Normal,SM_cave_stalactite_01_Siptah,135981.84375,95544.304688,-20793.580078,2826.835938,2200.10083
Brimstone_Normal,SM_cave_stalactite_01_Siptah,131570.640625,97277.617188,-20732.683594,2807.336182,2207.795654
Brimstone_Normal,SM_cave_stalactite_01_Siptah,172470.421875,49431.707031,-20697.613281,2988.133789,1995.392822
Brimstone_Normal,SM_cave_stalactite_01_Siptah,171967.828125,50359.421875,-20071.072266,2985.912109,1999.511353
Brimstone_Normal,SM_cave_stalactite_01_Siptah,172657.578125,55063.570313,-20692.226563,2988.960938,2020.394531
Brimstone_Normal,SM_cave_stalactite_01_Siptah,172433.421875,56566.121094,-20701.222656,2987.970215,2027.064697
Brimstone_Normal,SM_cave_stalactite_01_Siptah,172474.78125,52583.050781,-20696.685547,2988.153076,2009.38269
Brimstone_Normal,SM_cave_stalactite_01_Siptah,173813.890625,51509.679688,-20693.488281,2994.07251,2004.617676
Brimstone_Normal,SM_cave_stalactite_01_Siptah,174215.8125,49031.820313,-20691.373047,2995.849121,1993.617676
Brimstone_Normal,SM_cave_stalactite_01_Siptah,183985.84375,2635.11084,-18816.126953,3039.037842,1787.64856
Brimstone_Normal,SM_cave_stalactite_01_Siptah,184002.15625,2083.128906,-18748.65625,3039.109619,1785.19812
Brimstone_Normal,SM_cave_stalactite_01_Siptah,184192.53125,2261.534668,-18780.753906,3039.951172,1785.990112
Brimstone_Normal,SM_cave_stalactite_01_Siptah,130820.578125,94584.03125,-20640.105469,2804.020508,2195.837891
Brimstone_Normal,SM_cave_stalactite_01_Siptah,134748.0625,94601.585938,-20813.908203,2821.381836,2195.915771
Brimstone_Normal,SM_cave_stalactite_01_Siptah,133736.59375,94420.117188,-21148.634766,2816.910889,2195.110352
Brimstone_Normal,SM_cave_stalactite_01_Siptah,135978.03125,96885.132813,-20970.898438,2826.819092,2206.053223
Brimstone_Normal,SM_cave_stalactite_01_Siptah,136862.515625,97381.296875,-20870.166016,2830.729004,2208.255859
Brimstone_Normal,SM_cave_stalactite_01_Siptah,136207.703125,95417.367188,-20772.021484,2827.834229,2199.537354
Brimstone_Normal,SM_cave_stalactite_01_Siptah,135894.90625,95602.945313,-20791.058594,2826.451416,2200.361084
Brimstone_Normal,SM_cave_stalactite_01_Siptah,174271.890625,53378.511719,-20698.15625,2996.096924,2012.914063
Brimstone_Normal,SM_cave_stalactite_01_Siptah,174244.890625,52764.703125,-20682.220703,2995.977783,2010.189087
Brimstone_Normal,SM_cave_stalactite_01_Siptah,183554.03125,-248.925659,-18826.023438,3037.128662,1774.845459
Brimstone_Normal,SM_cave_stalactite_01_Siptah,167718.65625,-81302.601563,-12077.976563,2967.128418,1415.023438
Brimstone_Normal,SM_cave_stalactite_01_Siptah,166345.125,-81407.859375,-12085.327148,2961.056885,1414.556152
Brimstone_Normal,SM_cave_stalactite_01_Siptah,164385.046875,-79417.382813,-11940.413086,2952.392334,1423.392578
Brimstone_Normal,SM_cave_stalactite_01_Siptah,163364.296875,-78731.539063,-11969.331055,2947.880371,1426.437134
Brimstone_Normal,SM_cave_stalactite_01_Siptah,164061.734375,-77159.828125,-12506.911133,2950.963379,1433.414551
Brimstone_Normal,SM_cave_stalactite_01_Siptah,171734.75,-70915.679688,-11952.219727,2984.881592,1461.134155
Brimstone_Normal,SM_cave_stalactite_01_Siptah,170548.015625,-69784.320313,-12125.171875,2979.635742,1466.156616
Brimstone_Normal,SM_cave_stalactite_01_Siptah,167818.953125,-80962.328125,-12064.220703,2967.571777,1416.534058
Brimstone_Normal,SM_cave_stalactite_01_Siptah,166155.09375,-81522.921875,-12222.389648,2960.217041,1414.045288
Brimstone_Normal,SM_cave_stalactite_01_Siptah,171438.765625,-71204.757813,-11921.245117,2983.573242,1459.850952
Brimstone_Normal,SM_cave_stalactite_01_Siptah,172074.09375,-70080.71875,-11929.454102,2986.381836,1464.84082
Brimstone_Normal,SM_cave_stalactite_01_Siptah,254260.75,102514.640625,-10838.717773,3349.688232,2231.044189
Brimstone_Normal,SM_cave_stalactite_01_Siptah,253881.515625,102149.09375,-10681.853516,3348.011719,2229.421387
Brimstone_Normal,SM_cave_stalactite_01_Siptah,249965.8125,102670.421875,-9918.648438,3330.702393,2231.73584
Brimstone_Normal,SM_cave_stalactite_01_Siptah,248821.203125,104169.921875,-11252.103516,3325.642578,2238.392578
Brimstone_Normal,SM_cave_stalactite_01_Siptah,249112.09375,102225.835938,-10788.634766,3326.928711,2229.762207
Brimstone_Normal,SM_cave_stalactite_01_Siptah,249856.453125,105103.34375,-10899.818359,3330.218994,2242.536133
Brimstone_Normal,SM_cave_stalactite_01_Siptah,251294.015625,106900.023438,-11223.255859,3336.573486,2250.512207
Brimstone_Normal,SM_cave_stalactite_01_Siptah,251701.140625,108351.53125,-12012.231445,3338.373291,2256.956055
Brimstone_Normal,SM_cave_stalactite_01_Siptah,248960.515625,102755.9375,-10858.665039,3326.258301,2232.115479
Brimstone_Normal,SM_cave_stalactite_01_Siptah,249909.46875,102012.234375,-10544.279297,3330.453369,2228.813965
Brimstone_Normal,SM_cave_stalactite_01_Siptah,248621.65625,104470.046875,-11311.65625,3324.760498,2239.724854
Brimstone_Normal,SM_cave_stalactite_01_Siptah,249825.21875,106990.84375,-11222.734375,3330.081055,2250.915527
Brimstone_Normal,SM_cave_stalactite_01_Siptah,250473.53125,106569.351563,-11184.273438,3332.946777,2249.044434
Brimstone_Normal,SM_cave_stalactite_01_Siptah,250872.984375,106893.53125,-11274.746094,3334.712646,2250.483398
Brimstone_Normal,SM_cave_stalactite_01_Siptah,228731.84375,-71638.101563,-17288.294922,3236.837646,1457.927124
Brimstone_Normal,SM_cave_stalactite_01_Siptah,229477.3125,-70003.640625,-17269.640625,3240.132813,1465.182983
Brimstone_Normal,SM_cave_stalactite_01_Siptah,233645.90625,-72901.070313,-17199.277344,3258.560059,1452.320435
Brimstone_Normal,SM_cave_stalactite_01_Siptah,240361.5625,-70803.304688,-17222.683594,3288.246826,1461.632935
Brimstone_Normal,SM_cave_stalactite_01_Siptah,242220.625,-70144.71875,-17212.824219,3296.4646,1464.556641
Brimstone_Normal,SM_cave_stalactite_01_Siptah,239911.71875,-67512.882813,-17204.482422,3286.258301,1476.240234
Brimstone_Normal,SM_cave_stalactite_01_Siptah,239838.109375,-67990.671875,-17212.091797,3285.932861,1474.119141
Brimstone_Normal,SM_cave_stalactite_01_Siptah,244493.0,-65656.898438,-17208.384766,3306.509766,1484.47937
Brimstone_Normal,SM_cave_stalactite_01_Siptah,276804.21875,-94596.265625,-19100.021484,3449.341797,1356.008789
Brimstone_Normal,SM_cave_stalactite_01_Siptah,276488.25,-93128.375,-19105.705078,3447.944824,1362.525146
Brimstone_Normal,SM_cave_stalactite_01_Siptah,274387.34375,-95332.15625,-18456.447266,3438.657959,1352.741943
Brimstone_Normal,SM_cave_stalactite_01_Siptah,279221.625,-96110.257813,-19103.175781,3460.027832,1349.287842
Brimstone_Normal,SM_cave_stalactite_01_Siptah,284637.375,-92763.515625,-19030.878906,3483.968262,1364.14502
Brimstone_Normal,SM_cave_stalactite_01_Siptah,284742.3125,-96024.210938,-19087.8125,3484.431885,1349.669678
Brimstone_Normal,SM_cave_stalactite_01_Siptah,263833.28125,-105896.046875,-18451.025391,3392.003418,1305.845581
Brimstone_Normal,SM_cave_stalactite_01_Siptah,263635.59375,-106436.9375,-18482.115234,3391.129883,1303.444458
Brimstone_Normal,SM_cave_stalactite_01_Siptah,96002.109375,13734.860352,-16136.263672,2650.105469,1836.923706
Brimstone_Normal,SM_cave_stalactite_01_Siptah,95926.1875,13463.639648,-16139.541992,2649.769775,1835.719727
Brimstone_Normal,SM_cave_stalactite_01_Siptah,95688.429688,13979.393555,-16140.674805,2648.71875,1838.009277
Brimstone_Normal,SM_cave_stalactite_01_Siptah,32579.679688,-19468.480469,-15675.587891,2369.746338,1689.523926
Brimstone_Normal,SM_cave_stalactite_01_Siptah,32129.902344,-20017.947266,-15655.124023,2367.758301,1687.084717
Brimstone_Normal,SM_cave_stalactite_01_Siptah,97072.742188,-72455.679688,-19904.425781,2654.838135,1454.297607
Brimstone_Normal,SM_cave_stalactite_01_Siptah,97207.109375,-72387.617188,-19888.996094,2655.432129,1454.599731
Brimstone_Normal,SM_cave_stalactite_01_Siptah,96609.148438,-72504.382813,-19923.273438,2652.788818,1454.081421
Brimstone_Normal,SM_cave_stalactite_01_Siptah,97127.203125,-72087.078125,-19926.837891,2655.078613,1455.93396